{"names": ["-", "apple", "bean_sprout", "beef", "bell_pepper", "carrot", "cheese", "chicken", "cucumber", "egg", "eggplant", "fish", "fish_cake", "garlic", "grape", "kimchi", "milk", "mushroom", "onion", "pear", "pepper", "pork", "potato", "raddish", "rice_cake", "sausage", "shrimp", "spinach", "spring_onion", "sweet_potato", "tofu", "tomato", "zucchini"], "nc": 33, "args": {"imgsz": 416, "batch": 16}, "model_type": "yolov5", "yaml": {"nc": 33, "depth_multiple": 0.33, "width_multiple": 0.5, "anchors": [[10, 13, 16, 30, 33, 23], [30, 61, 62, 45, 59, 119], [116, 90, 156, 198, 373, 326]], "backbone": [[-1, 1, "Focus", [64, 3]], [-1, 1, "Conv", [128, 3, 2]], [-1, 3, "BottleneckCSP", [128]], [-1, 1, "Conv", [256, 3, 2]], [-1, 9, "BottleneckCSP", [256]], [-1, 1, "Conv", [512, 3, 2]], [-1, 9, "BottleneckCSP", [512]], [-1, 1, "Conv", [1024, 3, 2]], [-1, 1, "SPP", [1024, [5, 9, 13]]], [-1, 3, "BottleneckCSP", [1024, false]]], "head": [[-1, 1, "Conv", [512, 1, 1]], [-1, 1, "nn.Upsample", ["None", 2, "nearest"]], [[-1, 6], 1, "Concat", [1]], [-1, 3, "BottleneckCSP", [512, false]], [-1, 1, "Conv", [256, 1, 1]], [-1, 1, "nn.Upsample", ["None", 2, "nearest"]], [[-1, 4], 1, "Concat", [1]], [-1, 3, "BottleneckCSP", [256, false]], [-1, 1, "Conv", [256, 3, 2]], [[-1, 14], 1, "Concat", [1]], [-1, 3, "BottleneckCSP", [512, false]], [-1, 1, "Conv", [512, 3, 2]], [[-1, 10], 1, "Concat", [1]], [-1, 3, "BottleneckCSP", [1024, false]], [[17, 20, 23], 1, "Detect", ["nc", "anchors"]]], "ch": 3}}